[
  {
    "pk": 1, 
    "model": "core.party", 
    "fields": {
      "pm_id": "nl.p.gl", 
      "name": "GroenLinks", 
      "full_name": "GroenLinks"
    }
  }, 
  {
    "pk": 3, 
    "model": "core.party", 
    "fields": {
      "pm_id": "nl.p.pvv", 
      "name": "PVV", 
      "full_name": "Partij voor de vrijheid"
    }
  }, 
  {
    "pk": 2, 
    "model": "core.party", 
    "fields": {
      "pm_id": "nl.p.pvdd", 
      "name": "PvdD", 
      "full_name": "Partij voor de dieren"
    }
  }, 
  {
    "pk": 4, 
    "model": "core.party", 
    "fields": {
      "pm_id": "nl.p.sp", 
      "name": "SP", 
      "full_name": "Socialistische Partij"
    }
  }, 
  {
    "pk": 5, 
    "model": "core.party", 
    "fields": {
      "pm_id": "nl.p.cda", 
      "name": "CDA", 
      "full_name": "Christen-Democratisch Appel"
    }
  }, 
  {
    "pk": 6, 
    "model": "core.party", 
    "fields": {
      "pm_id": "nl.p.pvda", 
      "name": "PvdA", 
      "full_name": "Partij van de Arbeid"
    }
  }, 
  {
    "pk": 7, 
    "model": "core.party", 
    "fields": {
      "pm_id": "nl.p.d66", 
      "name": "D66", 
      "full_name": "Democraten '66"
    }
  }, 
  {
    "pk": 8, 
    "model": "core.party", 
    "fields": {
      "pm_id": "nl.p.vvd", 
      "name": "VVD", 
      "full_name": "Volkspartij voor Vrijheid en Democratie"
    }
  }, 
  {
    "pk": 9, 
    "model": "core.party", 
    "fields": {
      "pm_id": "nl.p.cu", 
      "name": "CU", 
      "full_name": "Christenunie"
    }
  }, 
  {
    "pk": 17, 
    "model": "core.party", 
    "fields": {
      "pm_id": "nl.p.sen", 
      "name": "Senioren 2000", 
      "full_name": "Senioren 2000"
    }
  }, 
  {
    "pk": 11, 
    "model": "core.party", 
    "fields": {
      "pm_id": "nl.p.50plus", 
      "name": "50PLUS", 
      "full_name": "50 Plus"
    }
  }, 
  {
    "pk": 12, 
    "model": "core.party", 
    "fields": {
      "pm_id": "nl.p.sgp", 
      "name": "SGP", 
      "full_name": "Staatkundig Gereformeerde Partij"
    }
  }, 
  {
    "pk": 13, 
    "model": "core.party", 
    "fields": {
      "pm_id": "nl.p.cd", 
      "name": "CD", 
      "full_name": "Centrum Democraten"
    }
  }, 
  {
    "pk": 14, 
    "model": "core.party", 
    "fields": {
      "pm_id": "nl.p.gpv", 
      "name": "GPV", 
      "full_name": "Gereformeerd Politiek Verbond"
    }
  }, 
  {
    "pk": 15, 
    "model": "core.party", 
    "fields": {
      "pm_id": "nl.p.rpf", 
      "name": "RPF", 
      "full_name": "Reformatorische Politieke Federatie"
    }
  }, 
  {
    "pk": 16, 
    "model": "core.party", 
    "fields": {
      "pm_id": "nl.p.aov", 
      "name": "AOV", 
      "full_name": "Algemeen Ouderen Verbond"
    }
  }, 
  {
    "pk": 18, 
    "model": "core.party", 
    "fields": {
      "pm_id": "nl.p.l17", 
      "name": "LEF", 
      "full_name": "Lijst 17"
    }
  }, 
  {
    "pk": 19, 
    "model": "core.party", 
    "fields": {
      "pm_id": "nl.p.mens", 
      "name": "MenS", 
      "full_name": "Partij voor Mens en Spirit"
    }
  }, 
  {
    "pk": 20, 
    "model": "core.party", 
    "fields": {
      "pm_id": "nl.p.nn", 
      "name": "NN", 
      "full_name": "Nieuw Nederland"
    }
  }, 
  {
    "pk": 21, 
    "model": "core.party", 
    "fields": {
      "pm_id": "nl.p.p1", 
      "name": "Partij \u00e9\u00e9n", 
      "full_name": "Partij \u00e9\u00e9n"
    }
  }, 
  {
    "pk": 22, 
    "model": "core.party", 
    "fields": {
      "pm_id": "nl.p.ppnl", 
      "name": "Piratenpartij", 
      "full_name": "Piratenpartij Nederland"
    }
  }, 
  {
    "pk": 23, 
    "model": "core.party", 
    "fields": {
      "pm_id": "nl.p.ton", 
      "name": "TON", 
      "full_name": "Trots op Nederland"
    }
  }, 
  {
    "pk": 24, 
    "model": "core.party", 
    "fields": {
      "pm_id": "nl.p.cpn", 
      "name": "CPN", 
      "full_name": "Communistische Partij Nederland"
    }
  }, 
  {
    "pk": 25, 
    "model": "core.party", 
    "fields": {
      "pm_id": "nl.p.evp", 
      "name": "EVP", 
      "full_name": "Evangelische Volkspartij"
    }
  }, 
  {
    "pk": 26, 
    "model": "core.party", 
    "fields": {
      "pm_id": "nl.p.ppr", 
      "name": "PPR", 
      "full_name": "Politieke Partij Radikalen"
    }
  }, 
  {
    "pk": 27, 
    "model": "core.party", 
    "fields": {
      "pm_id": "nl.p.psp", 
      "name": "PSP", 
      "full_name": "Pacifistisch Socialistische Partij"
    }
  }, 
  {
    "pk": 1, 
    "model": "core.program", 
    "fields": {
      "date": "2012-09-12", 
      "party": 1, 
      "section": 4111, 
      "name": "Groene kansen voor Nederland"
    }
  }, 
  {
    "pk": 2, 
    "model": "core.program", 
    "fields": {
      "date": "2012-09-12", 
      "party": 3, 
      "section": null, 
      "name": "H\u00fan Brussel, \u00f3ns Nederland"
    }
  }, 
  {
    "pk": 3, 
    "model": "core.program", 
    "fields": {
      "date": "2012-09-12", 
      "party": 6, 
      "section": null, 
      "name": "Nederland sterker en socialer"
    }
  }, 
  {
    "pk": 4, 
    "model": "core.program", 
    "fields": {
      "date": "2012-09-12", 
      "party": 7, 
      "section": null, 
      "name": "En nu vooruit"
    }
  }, 
  {
    "pk": 5, 
    "model": "core.program", 
    "fields": {
      "date": "2012-09-12", 
      "party": 5, 
      "section": null, 
      "name": "Iedereen"
    }
  }, 
  {
    "pk": 6, 
    "model": "core.program", 
    "fields": {
      "date": "2012-09-12", 
      "party": 4, 
      "section": null, 
      "name": "Nieuw vertrouwen"
    }
  }, 
  {
    "pk": 7, 
    "model": "core.program", 
    "fields": {
      "date": "2012-09-12", 
      "party": 8, 
      "section": null, 
      "name": "Niet doorschuiven maar aanpakken"
    }
  }, 
  {
    "pk": 8, 
    "model": "core.program", 
    "fields": {
      "date": "2012-09-12", 
      "party": 9, 
      "section": null, 
      "name": "Voor de verandering"
    }
  }, 
  {
    "pk": 9, 
    "model": "core.program", 
    "fields": {
      "date": "2012-09-12", 
      "party": 2, 
      "section": null, 
      "name": "Hou vast aan je idealen. Laat ze niet wegcijferen"
    }
  }, 
  {
    "pk": 10, 
    "model": "core.program", 
    "fields": {
      "date": "2012-09-12", 
      "party": 11, 
      "section": null, 
      "name": "50 Plus punten"
    }
  }, 
  {
    "pk": 11, 
    "model": "core.program", 
    "fields": {
      "date": "2012-09-12", 
      "party": 12, 
      "section": null, 
      "name": "Daad bij het Woord"
    }
  }, 
  {
    "pk": 28, 
    "model": "core.program", 
    "fields": {
      "date": "1998-01-01", 
      "party": 14, 
      "section": 4182, 
      "name": "Programma 1998"
    }
  }, 
  {
    "pk": 27, 
    "model": "core.program", 
    "fields": {
      "date": "1998-01-01", 
      "party": 1, 
      "section": 4181, 
      "name": "Programma 1998"
    }
  }, 
  {
    "pk": 26, 
    "model": "core.program", 
    "fields": {
      "date": "1998-01-01", 
      "party": 7, 
      "section": 4180, 
      "name": "Programma 1998"
    }
  }, 
  {
    "pk": 25, 
    "model": "core.program", 
    "fields": {
      "date": "1998-01-01", 
      "party": 5, 
      "section": 4179, 
      "name": "Programma 1998"
    }
  }, 
  {
    "pk": 24, 
    "model": "core.program", 
    "fields": {
      "date": "1998-01-01", 
      "party": 13, 
      "section": 4178, 
      "name": "Programma 1998"
    }
  }, 
  {
    "pk": 23, 
    "model": "core.program", 
    "fields": {
      "date": "1998-01-01", 
      "party": 16, 
      "section": 4177, 
      "name": "Programma 1998"
    }
  }, 
  {
    "pk": 29, 
    "model": "core.program", 
    "fields": {
      "date": "1998-01-01", 
      "party": 6, 
      "section": 4183, 
      "name": "Programma 1998"
    }
  }, 
  {
    "pk": 30, 
    "model": "core.program", 
    "fields": {
      "date": "1998-01-01", 
      "party": 15, 
      "section": 4184, 
      "name": "Programma 1998"
    }
  }, 
  {
    "pk": 31, 
    "model": "core.program", 
    "fields": {
      "date": "1998-01-01", 
      "party": 17, 
      "section": 4185, 
      "name": "Programma 1998"
    }
  }, 
  {
    "pk": 32, 
    "model": "core.program", 
    "fields": {
      "date": "1998-01-01", 
      "party": 12, 
      "section": 4186, 
      "name": "Programma 1998"
    }
  }, 
  {
    "pk": 33, 
    "model": "core.program", 
    "fields": {
      "date": "1998-01-01", 
      "party": 4, 
      "section": 4187, 
      "name": "Programma 1998"
    }
  }, 
  {
    "pk": 34, 
    "model": "core.program", 
    "fields": {
      "date": "1998-01-01", 
      "party": 8, 
      "section": 4188, 
      "name": "Programma 1998"
    }
  }, 
  {
    "pk": 35, 
    "model": "core.program", 
    "fields": {
      "date": "1994-01-01", 
      "party": 13, 
      "section": 4189, 
      "name": "Programma 1994"
    }
  }, 
  {
    "pk": 36, 
    "model": "core.program", 
    "fields": {
      "date": "1994-01-01", 
      "party": 5, 
      "section": 4190, 
      "name": "Programma 1994"
    }
  }, 
  {
    "pk": 37, 
    "model": "core.program", 
    "fields": {
      "date": "1994-01-01", 
      "party": 7, 
      "section": 4191, 
      "name": "Programma 1994"
    }
  }, 
  {
    "pk": 38, 
    "model": "core.program", 
    "fields": {
      "date": "1994-01-01", 
      "party": 1, 
      "section": 4192, 
      "name": "Programma 1994"
    }
  }, 
  {
    "pk": 39, 
    "model": "core.program", 
    "fields": {
      "date": "1994-01-01", 
      "party": 14, 
      "section": 4193, 
      "name": "Programma 1994"
    }
  }, 
  {
    "pk": 40, 
    "model": "core.program", 
    "fields": {
      "date": "1994-01-01", 
      "party": 6, 
      "section": 4194, 
      "name": "Programma 1994"
    }
  }, 
  {
    "pk": 41, 
    "model": "core.program", 
    "fields": {
      "date": "1994-01-01", 
      "party": 15, 
      "section": 4195, 
      "name": "Programma 1994"
    }
  }, 
  {
    "pk": 42, 
    "model": "core.program", 
    "fields": {
      "date": "1994-01-01", 
      "party": 12, 
      "section": 4196, 
      "name": "Programma 1994"
    }
  }, 
  {
    "pk": 43, 
    "model": "core.program", 
    "fields": {
      "date": "1994-01-01", 
      "party": 8, 
      "section": 4197, 
      "name": "Programma 1994"
    }
  }, 
  {
    "pk": 44, 
    "model": "core.program", 
    "fields": {
      "date": "2010-01-01", 
      "party": 5, 
      "section": 4198, 
      "name": "Programma 2010"
    }
  }, 
  {
    "pk": 45, 
    "model": "core.program", 
    "fields": {
      "date": "2010-01-01", 
      "party": 9, 
      "section": 4199, 
      "name": "Programma 2010"
    }
  }, 
  {
    "pk": 46, 
    "model": "core.program", 
    "fields": {
      "date": "2010-01-01", 
      "party": 7, 
      "section": 4200, 
      "name": "Programma 2010"
    }
  }, 
  {
    "pk": 47, 
    "model": "core.program", 
    "fields": {
      "date": "2010-01-01", 
      "party": 1, 
      "section": 4201, 
      "name": "Programma 2010"
    }
  }, 
  {
    "pk": 48, 
    "model": "core.program", 
    "fields": {
      "date": "2010-01-01", 
      "party": 18, 
      "section": 4202, 
      "name": "Programma 2010"
    }
  }, 
  {
    "pk": 49, 
    "model": "core.program", 
    "fields": {
      "date": "2010-01-01", 
      "party": 19, 
      "section": 4203, 
      "name": "Programma 2010"
    }
  }, 
  {
    "pk": 50, 
    "model": "core.program", 
    "fields": {
      "date": "2010-01-01", 
      "party": 20, 
      "section": 4204, 
      "name": "Programma 2010"
    }
  }, 
  {
    "pk": 51, 
    "model": "core.program", 
    "fields": {
      "date": "2010-01-01", 
      "party": 21, 
      "section": 4205, 
      "name": "Programma 2010"
    }
  }, 
  {
    "pk": 52, 
    "model": "core.program", 
    "fields": {
      "date": "2010-01-01", 
      "party": 22, 
      "section": 4206, 
      "name": "Programma 2010"
    }
  }, 
  {
    "pk": 53, 
    "model": "core.program", 
    "fields": {
      "date": "2010-01-01", 
      "party": 6, 
      "section": 4207, 
      "name": "Programma 2010"
    }
  }, 
  {
    "pk": 54, 
    "model": "core.program", 
    "fields": {
      "date": "2010-01-01", 
      "party": 2, 
      "section": 4208, 
      "name": "Programma 2010"
    }
  }, 
  {
    "pk": 55, 
    "model": "core.program", 
    "fields": {
      "date": "2010-01-01", 
      "party": 3, 
      "section": 4209, 
      "name": "Programma 2010"
    }
  }, 
  {
    "pk": 56, 
    "model": "core.program", 
    "fields": {
      "date": "2010-01-01", 
      "party": 12, 
      "section": 4210, 
      "name": "Programma 2010"
    }
  }, 
  {
    "pk": 57, 
    "model": "core.program", 
    "fields": {
      "date": "2010-01-01", 
      "party": 4, 
      "section": 4211, 
      "name": "Programma 2010"
    }
  }, 
  {
    "pk": 58, 
    "model": "core.program", 
    "fields": {
      "date": "2010-01-01", 
      "party": 23, 
      "section": 4212, 
      "name": "Programma 2010"
    }
  }, 
  {
    "pk": 59, 
    "model": "core.program", 
    "fields": {
      "date": "2010-01-01", 
      "party": 8, 
      "section": 4213, 
      "name": "Programma 2010"
    }
  }, 
  {
    "pk": 60, 
    "model": "core.program", 
    "fields": {
      "date": "1986-01-01", 
      "party": 5, 
      "section": 4214, 
      "name": "Programma 1986"
    }
  }, 
  {
    "pk": 61, 
    "model": "core.program", 
    "fields": {
      "date": "1986-01-01", 
      "party": 24, 
      "section": 4215, 
      "name": "Programma 1986"
    }
  }, 
  {
    "pk": 62, 
    "model": "core.program", 
    "fields": {
      "date": "1986-01-01", 
      "party": 7, 
      "section": 4216, 
      "name": "Programma 1986"
    }
  }, 
  {
    "pk": 63, 
    "model": "core.program", 
    "fields": {
      "date": "1986-01-01", 
      "party": 25, 
      "section": 4217, 
      "name": "Programma 1986"
    }
  }, 
  {
    "pk": 64, 
    "model": "core.program", 
    "fields": {
      "date": "1986-01-01", 
      "party": 14, 
      "section": 4218, 
      "name": "Programma 1986"
    }
  }, 
  {
    "pk": 65, 
    "model": "core.program", 
    "fields": {
      "date": "1986-01-01", 
      "party": 26, 
      "section": 4219, 
      "name": "Programma 1986"
    }
  }, 
  {
    "pk": 66, 
    "model": "core.program", 
    "fields": {
      "date": "1986-01-01", 
      "party": 27, 
      "section": 4220, 
      "name": "Programma 1986"
    }
  }, 
  {
    "pk": 67, 
    "model": "core.program", 
    "fields": {
      "date": "1986-01-01", 
      "party": 6, 
      "section": 4221, 
      "name": "Programma 1986"
    }
  }, 
  {
    "pk": 68, 
    "model": "core.program", 
    "fields": {
      "date": "1986-01-01", 
      "party": 15, 
      "section": 4222, 
      "name": "Programma 1986"
    }
  }, 
  {
    "pk": 69, 
    "model": "core.program", 
    "fields": {
      "date": "1986-01-01", 
      "party": 12, 
      "section": 4223, 
      "name": "Programma 1986"
    }
  }, 
  {
    "pk": 70, 
    "model": "core.program", 
    "fields": {
      "date": "1986-01-01", 
      "party": 8, 
      "section": 4224, 
      "name": "Programma 1986"
    }
  }, 
  {
    "pk": 1, 
    "model": "core.sectiontype", 
    "fields": {
      "name": "tekst"
    }
  }, 
  {
    "pk": 2, 
    "model": "core.sectiontype", 
    "fields": {
      "name": "numberedlist"
    }
  }, 
  {
    "pk": 3, 
    "model": "core.sectiontype", 
    "fields": {
      "name": "bulletlist"
    }
  }, 
  {
    "pk": 4, 
    "model": "core.sectiontype", 
    "fields": {
      "name": "insert"
    }
  }, 
  {
    "pk": 5, 
    "model": "core.sectiontype", 
    "fields": {
      "name": "intro"
    }
  }, 
  {
    "pk": 6, 
    "model": "core.sectiontype", 
    "fields": {
      "name": "numberdlist"
    }
  }
]